x_m,y_m,w_tr_right_m,w_tr_left_m
1.135202813668879003e+02,3.407224777982273736e+02,8.234375774880566823e+00,8.234375774880552612e+00
1.223817893691141023e+02,3.360889326389248026e+02,8.815627039575344881e+00,8.815627039575335999e+00
1.315783097260637646e+02,3.321462121132003631e+02,9.322746591101546798e+00,9.322746591101550351e+00
1.409935387450642565e+02,3.287308731603633305e+02,9.622429132779892313e+00,9.622429132779918959e+00
1.505450999573598097e+02,3.256995433483588158e+02,9.680052157741702246e+00,9.680052157741725338e+00
1.600786002565051263e+02,3.226092506452665702e+02,9.846850871743903610e+00,9.846850871743926703e+00
1.696375754707855208e+02,3.195996724700400478e+02,1.003994344798574723e+01,1.003994344798574723e+01
1.792127446351183266e+02,3.166410307839872189e+02,1.020860780454119165e+01,1.020860780454116679e+01
1.887943284489212488e+02,3.137043182853731196e+02,1.040115852324909085e+01,1.040115852324909618e+01
1.983927997204049802e+02,3.108288027578054198e+02,1.049679380204074874e+01,1.049679380204070078e+01
2.078760703316310696e+02,3.076167439908626875e+02,1.044140937246917211e+01,1.044140937246919165e+01
2.170321810030578149e+02,3.036781776071165950e+02,9.912731725224086077e+00,9.912731725224128709e+00
2.255577231134040517e+02,2.985676016091543374e+02,9.211974205851491959e+00,9.211974205851463537e+00
2.331455427807213709e+02,2.921208896183745765e+02,8.557664380622627576e+00,8.557664380622595601e+00
2.395880413079292452e+02,2.845117685341834317e+02,7.946859563933236004e+00,7.946859563933264425e+00
2.447412692687839808e+02,2.759630756814319739e+02,7.386204117448984974e+00,7.386204117449013395e+00
2.484690122448367902e+02,2.666973891939297800e+02,6.865739326742162696e+00,6.865739326742134274e+00
2.510322469425070153e+02,2.570136499221680992e+02,6.744055844796728927e+00,6.744055844796752019e+00
2.533135886694023498e+02,2.472548079165514423e+02,6.814516254513399929e+00,6.814516254513394600e+00
2.556760925209516131e+02,2.375167415519604219e+02,7.036582628472214829e+00,7.036582628472209500e+00
2.579703576593871048e+02,2.277616123877536438e+02,7.214852333456161837e+00,7.214852333456168054e+00
2.602749230935415881e+02,2.180084745286896180e+02,7.361538509847358469e+00,7.361538509847414424e+00
2.626100947171614166e+02,2.082622572420999063e+02,7.451183234160331459e+00,7.451183234160358992e+00
2.649431369039946276e+02,1.985155096148273515e+02,7.526364963119258178e+00,7.526364963119204887e+00
2.672642407638718964e+02,1.887659393643282897e+02,7.587845750580028081e+00,7.587845750580020976e+00
2.696578106876963830e+02,1.790339894331398227e+02,7.681898420987337772e+00,7.681898420987383957e+00
2.719575710426390174e+02,1.692799610059503266e+02,7.689769468216683279e+00,7.689769468216683279e+00
2.742292133291700793e+02,1.595192011977058826e+02,7.826345060835208756e+00,7.826345060835153689e+00
2.765720674415048279e+02,1.497753191313761363e+02,7.972973282012945972e+00,7.972973282012954854e+00
2.788476288301583850e+02,1.400150649824282709e+02,8.078419242050976834e+00,8.078419242050966176e+00
2.811503265745238309e+02,1.302613550442463577e+02,8.218542941135268620e+00,8.218542941135261515e+00
2.835254973826328069e+02,1.205250207831795706e+02,8.297883188950814670e+00,8.297883188950867961e+00
2.859622544299314768e+02,1.108045772981002415e+02,8.502070713489798592e+00,8.502070713489846554e+00
2.883179602333258345e+02,1.010634158432695671e+02,8.620188892777726153e+00,8.620188892777674639e+00
2.906866350960316367e+02,9.132534584865334182e+01,8.744486136522690245e+00,8.744486136522633402e+00
2.925339643761756179e+02,8.150915956139297691e+01,8.355395817616345866e+00,8.355395817616352971e+00
2.926416144169694462e+02,7.157388127525688049e+01,7.511651359165703923e+00,7.511651359165751884e+00
2.900299492099672989e+02,6.195612632267980757e+01,6.897183387921244524e+00,6.897183387921240971e+00
2.848425661320282529e+02,5.342331077583327215e+01,6.850617936176605305e+00,6.850617936176600864e+00
2.774321538130610634e+02,4.675335878237846288e+01,7.201776890663889930e+00,7.201776890663889930e+00
2.685138414303572176e+02,4.236243892282513457e+01,7.985224127065714939e+00,7.985224127065711386e+00
2.587657452450032451e+02,4.016301893356359187e+01,8.409849732974457481e+00,8.409849732974432612e+00
2.488674824546053514e+02,3.859695185853077959e+01,8.350739467405762895e+00,8.350739467405743355e+00
2.389477367597601756e+02,3.717034409833060238e+01,8.309988165837065566e+00,8.309988165837065566e+00
2.290344590027968934e+02,3.570163364768445291e+01,8.283747748293320612e+00,8.283747748293302848e+00
2.191238786046464497e+02,3.422436673384178363e+01,8.263869027553484514e+00,8.263869027553500501e+00
2.092100008446451511e+02,3.275975600250307451e+01,8.252641121741079999e+00,8.252641121741079999e+00
1.992875116884004854e+02,3.135063201741576222e+01,8.179291311555939359e+00,8.179291311555937583e+00
1.893725955468275970e+02,2.988936587313180127e+01,8.125096013604345302e+00,8.125096013604325762e+00
1.794462619204868190e+02,2.851179784465957212e+01,7.989716246716335846e+00,7.989716246716335846e+00
1.695225903802966627e+02,2.711778491802952828e+01,7.881719325097582995e+00,7.881719325097595430e+00
1.595873983315787825e+02,2.580768790763209708e+01,7.724349674101503638e+00,7.724349674101503638e+00
1.496586017332089682e+02,2.444352922940600692e+01,7.652442100765508570e+00,7.652442100765492583e+00
1.397404752810655850e+02,2.300705491432202976e+01,7.534367814190817469e+00,7.534367814190801482e+00
1.298242045349643377e+02,2.155739145291403602e+01,7.412608653999239294e+00,7.412608653999230413e+00
1.199089857948371076e+02,2.009906531280323350e+01,7.370363988900720642e+00,7.370363988900724195e+00
1.099986783776613919e+02,1.860880134699214139e+01,7.360962070822431258e+00,7.360962070822429482e+00
1.000810598233537974e+02,1.716708916003092256e+01,7.300694694121669492e+00,7.300694694121665052e+00
9.016477623903867311e+01,1.571536108091964579e+01,7.215705295288221244e+00,7.215705295288227461e+00
8.023221953542756069e+01,1.438074828233858327e+01,7.120932084683858854e+00,7.120932084683858854e+00
7.030745639254060109e+01,1.298947034744922568e+01,7.095263125485031352e+00,7.095263125485030464e+00
6.038830968495662432e+01,1.155878371434858565e+01,7.076413346666540427e+00,7.076413346666541315e+00
5.046431062001114753e+01,1.016039138770464945e+01,7.041381965839254242e+00,7.041381965839252466e+00
4.053469176432638221e+01,8.802346241046123509e+00,7.022882520319864597e+00,7.022882520319869037e+00
3.060674707063457589e+01,7.431943666869987197e+00,6.994445482328442765e+00,6.994445482328441877e+00
2.068061225142727011e+01,6.048477564313435195e+00,6.968196975223110989e+00,6.968196975223110989e+00
1.075517480555813066e+01,4.659999799064968862e+00,6.939897410147000123e+00,6.939897410147000123e+00
8.295023925423841149e-01,3.273242717513074496e+00,6.904018672443326565e+00,6.904018672443326565e+00
-9.089874637359718790e+00,1.842501821260658978e+00,6.903895482355207669e+00,6.903895482355208557e+00
-1.901597829350825819e+01,4.595429640254429238e-01,6.859090433682312415e+00,6.859090433682312415e+00
-2.893451881725885144e+01,-9.762809204003777275e-01,6.888137409445851844e+00,6.888137409445851844e+00
-3.886265131126168626e+01,-2.344580157934813780e+00,6.845894833647044209e+00,6.845894833647043320e+00
-4.877784383552572933e+01,-3.803785917944111361e+00,6.875534043676164053e+00,6.875534043676165830e+00
-5.870389695618581527e+01,-5.187666195757313581e+00,6.875384730673560263e+00,6.875384730673560263e+00
-6.862758432255745333e+01,-6.588062413715838339e+00,6.850231139713435446e+00,6.850231139713435446e+00
-7.855341913851847835e+01,-7.972428188876577337e+00,6.877404987693162219e+00,6.877404987693162219e+00
-8.847577957123934311e+01,-9.382120155684027907e+00,6.868048935275592903e+00,6.868048935275589351e+00
-9.839938947016247539e+01,-1.077830147005953343e+01,6.858144370951903213e+00,6.858144370951904101e+00
-1.083130772839608795e+02,-1.224658276900327536e+01,6.813960415858333342e+00,6.813960415858335118e+00
-1.182376696238239333e+02,-1.363849543016013932e+01,6.785256950606797233e+00,6.785256950606797233e+00
-1.281563337267321572e+02,-1.507313329480351527e+01,6.783845961977355898e+00,6.783845961977354122e+00
-1.380741326491079235e+02,-1.651392207785034216e+01,6.864056847389329086e+00,6.864056847389331750e+00
-1.479895678849398735e+02,-1.797159256541737449e+01,6.902137661654310641e+00,6.902137661654310641e+00
-1.579121241526253243e+02,-1.937583076661302073e+01,6.985063471052452400e+00,6.985063471052452400e+00
-1.678690687988300851e+02,-2.050250015504379419e+01,7.145338537262506229e+00,7.145338537262506229e+00
-1.777795604804660456e+02,-2.198580859778122232e+01,7.315933735484292377e+00,7.315933735484294154e+00
-1.877048627761922148e+02,-2.336807398423616178e+01,7.479364909421827079e+00,7.479364909421823526e+00
-1.975780383749653879e+02,-2.503768792316899550e+01,7.282170629689387553e+00,7.282170629689380448e+00
-2.075019686879766141e+02,-2.643035806473826099e+01,7.375592471890247914e+00,7.375592471890252355e+00
-2.174221563571230149e+02,-2.784829773926394125e+01,7.381385624308574478e+00,7.381385624308574478e+00
-2.273671919749996846e+02,-2.908096484637552237e+01,7.448452290331857739e+00,7.448452290331861292e+00
-2.372683164137822018e+02,-3.056187690704841486e+01,7.225618115338187764e+00,7.225618115338187764e+00
-2.472179212633581642e+02,-3.171029492895054602e+01,7.357278377309723005e+00,7.357278377309711459e+00
-2.559265037054803997e+02,-3.577408179911483188e+01,9.258374752290817966e+00,9.258374752290817966e+00
-2.609923700772960729e+02,-4.312037191757291765e+01,1.186150236473980080e+01,1.186150236473978659e+01
-2.657370892116720711e+02,-5.162465588823286566e+01,1.314220333013196118e+01,1.314220333013196118e+01
-2.699278115706498511e+02,-6.070653350349110156e+01,1.296400568375964646e+01,1.296400568375965179e+01
-2.736550397649875777e+02,-6.999984607562871020e+01,1.287107805893463208e+01,1.287107805893462853e+01
-2.774881672949246649e+02,-7.922945325351980728e+01,1.260540578323491268e+01,1.260540578323491800e+01
-2.809982781009096016e+02,-8.860828623523758552e+01,1.258377269227805506e+01,1.258377269227806217e+01
-2.842192145815831736e+02,-9.809816398135971838e+01,1.274510507148544924e+01,1.274510507148544214e+01
-2.874188448140365608e+02,-1.075956502715060736e+02,1.291390563742262643e+01,1.291390563742263176e+01
-2.906165277301801666e+02,-1.170933982990613060e+02,1.310135334816490271e+01,1.310135334816490271e+01
-2.937100942530310022e+02,-1.266246551043315378e+02,1.329929690805171738e+01,1.329929690805169606e+01
-2.971583018914093373e+02,-1.360250661511165902e+02,1.334874949660349053e+01,1.334874949660349763e+01
-3.020437785427373001e+02,-1.444540714848965308e+02,1.232269568589455666e+01,1.232269568589455666e+01
-3.077775625446656704e+02,-1.518245655781040568e+02,1.075805876663727467e+01,1.075805876663724803e+01
-3.157877737069824775e+02,-1.562089870770256539e+02,9.068483872395196599e+00,9.068483872395173506e+00
-3.256767556970235091e+02,-1.577610065171996894e+02,8.885473230294637759e+00,8.885473230294660851e+00
-3.356326722669651872e+02,-1.589058740001003684e+02,9.056053694034204682e+00,9.056053694034225998e+00
-3.455887636622950367e+02,-1.600434614797638915e+02,9.270157868142755220e+00,9.270157868142696600e+00
-3.555435369836644099e+02,-1.611486865499568069e+02,9.317467250105627485e+00,9.317467250105627485e+00
-3.652649439990661335e+02,-1.603796232000863426e+02,7.804198633041496080e+00,7.804198633041496080e+00
-3.715817302829588016e+02,-1.543721831229372299e+02,7.320039493042601819e+00,7.320039493042553858e+00
-3.712922415795624147e+02,-1.447105426430932198e+02,9.257954124594146350e+00,9.257954124594185430e+00
-3.683973161224365640e+02,-1.351242899080592679e+02,9.213958477853866569e+00,9.213958477853802620e+00
-3.652612470481332139e+02,-1.256090737327781994e+02,9.027810476813890261e+00,9.027810476813941776e+00
-3.622443869222354351e+02,-1.160539778853103883e+02,9.016790207236949684e+00,9.016790207236896393e+00
-3.591123542298045095e+02,-1.065347549690379196e+02,8.822224905285997565e+00,8.822224905286043750e+00
-3.559766285318877408e+02,-9.701589939745167612e+01,8.700616094147665791e+00,8.700616094147711976e+00
-3.528166382824866787e+02,-8.750526603077560139e+01,8.544033609377830629e+00,8.544033609377830629e+00
-3.496732347943558921e+02,-7.798920441917499602e+01,8.381323977075389564e+00,8.381323977075384235e+00
-3.465269903509260985e+02,-6.847409966751905586e+01,8.219248618501733716e+00,8.219248618501792336e+00
-3.433263660610317629e+02,-5.897781835958119245e+01,8.009071060811937315e+00,8.009071060811885800e+00
-3.401014603942527401e+02,-4.948919919968837888e+01,7.842837490078832019e+00,7.842837490078832019e+00
-3.370483681832744196e+02,-3.994619046012493868e+01,7.888364866441689216e+00,7.888364866441685663e+00
-3.337386785733656325e+02,-3.048716854305906310e+01,7.724858732496091562e+00,7.724858732496036495e+00
-3.306107610795711480e+02,-2.096648487913363823e+01,7.731814773385400130e+00,7.731814773385455197e+00
-3.273810851645766888e+02,-1.147954428792909987e+01,7.613493393736746384e+00,7.613493393736746384e+00
-3.240593020435184712e+02,-2.024404956028270863e+00,7.475619717791728291e+00,7.475619717791728291e+00
-3.208355075618671890e+02,7.464995683556274741e+00,7.404226183560102648e+00,7.404226183560047581e+00
-3.176014429107008823e+02,1.695087442840188885e+01,7.343141938393008772e+00,7.343141938393008772e+00
-3.143874108785323642e+02,2.644350772619127099e+01,7.276304645715799602e+00,7.276304645715743646e+00
-3.111654233733649448e+02,3.593349103449011750e+01,7.193919931566373549e+00,7.193919931566375325e+00
-3.079990997506351960e+02,4.544221806326955004e+01,7.104419241523028283e+00,7.104419241522973216e+00
-3.048245228815029009e+02,5.494821183189574754e+01,7.044012924948336973e+00,7.044012924948337862e+00
-3.016122981681720034e+02,6.444156232399582507e+01,6.973101613554918643e+00,6.973101613554918643e+00
-2.984016514484269464e+02,7.393538539711278190e+01,6.876687594574730333e+00,6.876687594574731222e+00
-2.952274158650235449e+02,8.344142076471521818e+01,6.784312653407501337e+00,6.784312653407557292e+00
-2.922006930053678389e+02,9.299525190472027703e+01,6.688976049365760623e+00,6.688976049365817467e+00
-2.892327778507764720e+02,1.025677027187437886e+02,6.609744865060788399e+00,6.609744865060788399e+00
-2.864373467533151256e+02,1.121919120517774786e+02,6.538846865464557290e+00,6.538846865464557290e+00
-2.836958242702673942e+02,1.218313532923867513e+02,6.432202863646639734e+00,6.432202863646639734e+00
-2.810846715765166550e+02,1.315072284569632757e+02,6.405452580114357808e+00,6.405452580114358696e+00
-2.785769122230957464e+02,1.412099768480043736e+02,6.323931324390985154e+00,6.323931324390928310e+00
-2.761264838068274230e+02,1.509278306720539149e+02,6.319451411306479471e+00,6.319451411306538979e+00
-2.736445029327084058e+02,1.606377154892250019e+02,6.300742750310226015e+00,6.300742750310282858e+00
-2.710831934585859813e+02,1.703267037253299918e+02,6.276474750275654380e+00,6.276474750275649939e+00
-2.684085428633306947e+02,1.799847290978171372e+02,6.335473763283876458e+00,6.335473763283876458e+00
-2.656371869691174084e+02,1.896155354846563341e+02,6.358953538053341070e+00,6.358953538053334853e+00
-2.627341453151462929e+02,1.992078778224260986e+02,6.372210060007081900e+00,6.372210060007026833e+00
-2.597997712842138753e+02,2.087906580842025619e+02,6.355691313452233260e+00,6.355691313452178193e+00
-2.568109868670243259e+02,2.183564579787445155e+02,6.282255192129590604e+00,6.282255192129555965e+00
-2.537403208939175272e+02,2.278964261769680206e+02,6.268693271433734893e+00,6.268693271433726899e+00
-2.505340152647206651e+02,2.373916792205661750e+02,6.244504928663474175e+00,6.244504928663474175e+00
-2.473419634082289917e+02,2.468917528103647498e+02,6.212766289335339032e+00,6.212766289335313274e+00
-2.441050973667960022e+02,2.563766375480010993e+02,6.183180586582180283e+00,6.183180586582180283e+00
-2.408989528766673516e+02,2.658719640174447250e+02,6.231026828304113252e+00,6.231026828304135456e+00
-2.376920237445316388e+02,2.753670482884429020e+02,6.259889464488582078e+00,6.259889464488556321e+00
-2.344183383180629221e+02,2.848389569877541589e+02,6.194805198865494411e+00,6.194805198865519280e+00
-2.312685044588724281e+02,2.943527933356223230e+02,6.288497403872730374e+00,6.288497403872731262e+00
-2.281001963641605528e+02,3.038605817650941958e+02,6.366763949360201735e+00,6.366763949360201735e+00
-2.247968775725132389e+02,3.133225353766582657e+02,6.412244605926500363e+00,6.412244605926529673e+00
-2.216035510155429051e+02,3.228221309229049893e+02,6.437452099187315646e+00,6.437452099187315646e+00
-2.184398011263904777e+02,3.323316140356658366e+02,6.487966285380368348e+00,6.487966285380368348e+00
-2.152853630615610996e+02,3.418438230821974457e+02,6.564326378794158146e+00,6.564326378794126171e+00
-2.120759951307033759e+02,3.513375880157921074e+02,6.559979191276590349e+00,6.559979191276556598e+00
-2.088684508796799832e+02,3.608324089950222628e+02,6.615581142151844674e+00,6.615581142151844674e+00
-2.056461057246979180e+02,3.703221981627110040e+02,6.683996659879555047e+00,6.683996659879578139e+00
-2.024459308280059417e+02,3.798194754425571205e+02,6.753979125843984299e+00,6.753979125843961206e+00
-1.991750348897188019e+02,3.892923264326082631e+02,6.779999083077815847e+00,6.779999083077815847e+00
-1.959028492962329153e+02,3.987649942575444584e+02,6.858218190666070413e+00,6.858218190666070413e+00
-1.927590109550723128e+02,4.082807104826206341e+02,6.987177264809751875e+00,6.987177264809751875e+00
-1.895151711898513440e+02,4.177631729261752298e+02,7.091957875923466048e+00,7.091957875923526444e+00
-1.864348566569006778e+02,4.272982477452953844e+02,7.058289055985302873e+00,7.058289055985262905e+00
-1.832162996790944476e+02,4.367877123554324044e+02,7.067892533416836542e+00,7.067892533416794798e+00
-1.799568220612638925e+02,4.462644791073852275e+02,7.182473484139738851e+00,7.182473484139799247e+00
-1.767461646396802735e+02,4.557583039723457432e+02,7.264351858309328946e+00,7.264351858309310295e+00
-1.735341070564715551e+02,4.652516236345935567e+02,7.356270743689324654e+00,7.356270743689324654e+00
-1.703065741994720668e+02,4.747396515313619147e+02,7.461581089168642933e+00,7.461581089168687342e+00
-1.670859687439902075e+02,4.842300080297211480e+02,7.507441089892196828e+00,7.507441089892241237e+00
-1.638944554031083385e+02,4.937301526818878870e+02,7.636255193021675325e+00,7.636255193021693088e+00
-1.606812574207455100e+02,5.032223910196631209e+02,7.653928293933857319e+00,7.653928293933857319e+00
-1.575839825563709553e+02,5.127527226522620367e+02,7.869090726600726171e+00,7.869090726600774133e+00
-1.544030962210998155e+02,5.222562669054825619e+02,8.008258472867586519e+00,8.008258472867494149e+00
-1.511286322938495061e+02,5.317273467967456781e+02,8.002730054790928804e+00,8.002730054790928804e+00
-1.478972100759393413e+02,5.412137235774557666e+02,8.062263426177336711e+00,8.062263426177239012e+00
-1.446835283513302954e+02,5.507064290393316242e+02,8.156965845876513299e+00,8.156965845876610999e+00
-1.414610445718755329e+02,5.601960937153883151e+02,8.306932916260764799e+00,8.306932916260667099e+00
-1.382058071842685365e+02,5.696747666301334903e+02,8.425847782696763488e+00,8.425847782696665789e+00
-1.349938621229890714e+02,5.791681997075161235e+02,8.546576506753067903e+00,8.546576506753080338e+00
-1.317779644462274007e+02,5.886602577996054606e+02,8.666672972604796854e+00,8.666672972604704484e+00
-1.285822001887769943e+02,5.981586308370451661e+02,8.852835513939053769e+00,8.852835513939146139e+00
-1.254062695834792294e+02,6.076640178053830823e+02,8.942099875523430441e+00,8.942099875523336294e+00
-1.222264651726223832e+02,6.171679324583219568e+02,9.006058625457644240e+00,9.006058625457745492e+00
-1.189541103238937438e+02,6.266406463930762811e+02,9.138692645426740313e+00,9.138692645426740313e+00
-1.157740158019996528e+02,6.361446314335771604e+02,9.222219407846496964e+00,9.222219407846599992e+00
-1.125975151503819234e+02,6.456499393598005554e+02,9.325286937319253511e+00,9.325286937319155811e+00
-1.093803191949462104e+02,6.551408960481471695e+02,9.520001564303658625e+00,9.520001564303658625e+00
-1.062094213693465008e+02,6.646477984939515409e+02,9.657768879727116840e+00,9.657768879727006706e+00
-1.029732036930606114e+02,6.741325358918994652e+02,9.815591849827354665e+00,9.815591849827349336e+00
-9.976896757632637502e+01,6.836281750955247389e+02,9.908043751881056238e+00,9.908043751881056238e+00
-9.656634522993806513e+01,6.931245549657617175e+02,1.005591877513670518e+01,1.005591877513670518e+01
-9.334626901485789574e+01,7.026150748478132755e+02,1.015609051101525218e+01,1.015609051101535876e+01
-9.012206207401385427e+01,7.121042663225723572e+02,1.025975548028374185e+01,1.025975548028362994e+01
-8.690094143996444132e+01,7.215944296257592896e+02,1.039267055628803327e+01,1.039267055628802972e+01
-8.373159957539174059e+01,7.311018496722684858e+02,1.056813213186890543e+01,1.056813213186890543e+01
-8.047324820147007074e+01,7.405793679156217877e+02,1.067956516355544672e+01,1.067956516355555330e+01
-7.716355713530049343e+01,7.500391371999778585e+02,1.080064311029946111e+01,1.080064311029946111e+01
-7.390205732567750374e+01,7.595155258748893630e+02,1.095995935731809112e+01,1.095995935731819415e+01
-7.071006170286609915e+01,7.690153700465755264e+02,1.106397780325647950e+01,1.106397780325647950e+01
-6.751655830150878046e+01,7.785146769459144025e+02,1.119500611076755803e+01,1.119500611076755447e+01
-6.427454209206112523e+01,7.879977884945118376e+02,1.134941158723322019e+01,1.134941158723321841e+01
-6.107784642263844432e+01,7.974963607803367722e+02,1.147766174537180461e+01,1.147766174537191119e+01
-5.790796220327575838e+01,8.070038951942344738e+02,1.163064015284132680e+01,1.163064015284143515e+01
-5.481175104898588302e+01,8.165336126121725329e+02,1.185423242041272296e+01,1.185423242041272118e+01
-5.193399199717782722e+01,8.261260598360514678e+02,1.220045639458936826e+01,1.220045639458936648e+01
-4.924053034960495268e+01,8.357712136168323696e+02,1.255243725729572546e+01,1.255243725729572724e+01
-4.667365586856574566e+01,8.454577438479341254e+02,1.272959695211032383e+01,1.272959695211021725e+01
-4.440681356488151721e+01,8.552166448342783269e+02,1.295642773898070743e+01,1.295642773898070388e+01
-4.216816883235198077e+01,8.649846918468385866e+02,1.315763527573313496e+01,1.315763527573302483e+01
-3.986139677569431683e+01,8.747375007761584129e+02,1.329354889333571599e+01,1.329354889333571599e+01
-3.732992003671962777e+01,8.844321051920428545e+02,1.333614288487676447e+01,1.333614288487687460e+01
-3.462246902522063863e+01,8.940771729799359946e+02,1.332994252629354826e+01,1.332994252629365661e+01
-3.177535210935688781e+01,9.036800475254718776e+02,1.330894132256225149e+01,1.330894132256225326e+01
-2.879071653277524234e+01,9.132466566440822362e+02,1.342735933232344259e+01,1.342735933232344259e+01
-2.563561793468547023e+01,9.227588648388789352e+02,1.354038781919342505e+01,1.354038781919342505e+01
-2.256669553842375819e+01,9.322990850431863237e+02,1.371937395357709200e+01,1.371937395357697831e+01
-1.920109143555681186e+01,9.417232895526512948e+02,1.366917450182899252e+01,1.366917450182910443e+01
-1.456965201470829996e+01,9.505157995459474023e+02,1.311045758798911720e+01,1.311045758798911720e+01
-8.230908313483968897e+00,9.581204744551778276e+02,1.226876414859048836e+01,1.226876414859060382e+01
-4.248795785790068225e-01,9.640872049863102120e+02,1.091100153625608726e+01,1.091100153625608726e+01
8.806704200163691709e+00,9.675458033567051643e+02,9.668660931135496739e+00,9.668660931135496739e+00
1.876764149545002169e+01,9.674690528903428230e+02,9.257840948548318849e+00,9.257840948548318849e+00
2.812112074921690663e+01,9.640838666311683482e+02,9.972054669599566878e+00,9.972054669599678789e+00
3.628641616215773524e+01,9.584139308294365946e+02,1.093632151739807057e+01,1.093632151739807234e+01
4.293547480184127352e+01,9.510202358382572356e+02,1.174202274270346180e+01,1.174202274270346180e+01
4.769486609095420704e+01,9.423061083214674909e+02,1.252254990074908392e+01,1.252254990074897556e+01
5.046823608906470326e+01,9.327335477133431141e+02,1.298718897366688019e+01,1.298718897366688019e+01
5.208229556782691816e+01,9.228479036862879639e+02,1.274172330790775121e+01,1.274172330790785601e+01
5.356924951573294891e+01,9.129391900304198089e+02,1.248386113897851857e+01,1.248386113897851857e+01
5.509954356646820628e+01,9.030365355302684520e+02,1.223596250407730501e+01,1.223596250407730501e+01
5.654728399208791245e+01,8.931212232383586525e+02,1.203217478923059680e+01,1.203217478923059680e+01
5.773012180995572606e+01,8.831701286256519552e+02,1.196134659757690244e+01,1.196134659757690244e+01
5.896499450688207133e+01,8.732246773850803265e+02,1.184590950944411247e+01,1.184590950944411247e+01
6.019441619521619202e+01,8.632784580549348448e+02,1.171441216341913005e+01,1.171441216341903235e+01
6.146025932659111390e+01,8.533370337271560402e+02,1.157317705885293435e+01,1.157317705885293613e+01
6.262897551427346343e+01,8.433874303800203052e+02,1.139178788010796595e+01,1.139178788010786292e+01
6.379934836240103380e+01,8.334347163143601165e+02,1.126455140365630569e+01,1.126455140365630925e+01
6.499934548149251157e+01,8.234848314938224121e+02,1.111252750935758193e+01,1.111252750935767786e+01
6.616165175754437655e+01,8.135305267013636694e+02,1.094479193426816366e+01,1.094479193426826669e+01
6.739961615566639352e+01,8.035853397537068759e+02,1.082167451511623035e+01,1.082167451511612377e+01
6.853371290574057184e+01,7.936280081192372791e+02,1.071769524005589247e+01,1.071769524005588536e+01
6.974756848227187334e+01,7.836802395333694449e+02,1.056458157174874124e+01,1.056458157174874124e+01
7.089939219569802731e+01,7.737246366178521839e+02,1.043696140785203319e+01,1.043696140785212378e+01
7.205379909116226145e+01,7.637694414534778389e+02,1.026850188584741375e+01,1.026850188584742085e+01
7.327926956102430722e+01,7.538227554927304936e+02,1.011515995435976834e+01,1.011515995435987136e+01
7.446853448250840302e+01,7.438722548825751346e+02,1.005740031123884393e+01,1.005740031123883682e+01
7.565169401666210547e+01,7.339203364787103965e+02,9.949430468007829376e+00,9.949430468007923523e+00
7.692183969146876166e+01,7.239792847267240177e+02,9.810954539761629789e+00,9.810954539761629789e+00
7.812553329998331719e+01,7.140305267685769195e+02,9.688103489861999762e+00,9.688103489861916273e+00
7.936553556784051011e+01,7.040863288012419616e+02,9.594371140018591149e+00,9.594371140018690625e+00
8.056849348246896625e+01,6.941367732214313264e+02,9.472316660499418006e+00,9.472316660499409124e+00
8.178121973172241610e+01,6.841883955409316513e+02,9.358489975004570027e+00,9.358489975004667727e+00
8.294856528783560634e+01,6.742347080649210511e+02,9.278541942204071802e+00,9.278541942204169501e+00
8.392621841426424112e+01,6.642620907908624304e+02,9.265193428527290109e+00,9.265193428527203068e+00
8.467941501099213042e+01,6.542704731232483937e+02,9.271161174163893293e+00,9.271161174163884411e+00
8.514736492661538136e+01,6.442618832754360483e+02,9.291570674782823502e+00,9.291570674782834161e+00
8.532462258839383651e+01,6.342443406713491640e+02,9.336555343616664615e+00,9.336555343616664615e+00
8.527345872767438095e+01,6.242251496784508618e+02,9.351904598547958969e+00,9.351904598547950087e+00
8.488511443324458128e+01,6.142133036272402933e+02,9.378576173042352693e+00,9.378576173042418418e+00
8.421872685826811278e+01,6.042152489584495925e+02,9.387056870371390360e+00,9.387056870371313977e+00
8.334621688300742903e+01,5.942347676594573613e+02,9.426945344524151338e+00,9.426945344524161996e+00
8.208518052083636007e+01,5.842947554470925979e+02,9.439172610081064008e+00,9.439172610081064008e+00
8.061026021298160060e+01,5.743880787219655986e+02,9.531622825692103618e+00,9.531622825692103618e+00
7.874676768129070581e+01,5.645410902100562680e+02,9.445654741770999507e+00,9.445654741770999507e+00
7.663797950701905393e+01,5.547455859043441251e+02,9.430895288510789953e+00,9.430895288510853902e+00
7.426007845302092392e+01,5.450142465811539978e+02,9.507614643166562018e+00,9.507614643166574453e+00
7.171942167053562400e+01,5.353216114110557555e+02,9.503862773985460421e+00,9.503862773985524370e+00
6.874726147950552502e+01,5.257533440143956796e+02,9.523025092164250083e+00,9.523025092164195016e+00
6.575563556442159552e+01,5.161883416118579362e+02,9.431598748488790207e+00,9.431598748488774220e+00
6.279887785989362214e+01,5.066129721398160655e+02,9.251599337723042993e+00,9.251599337723074967e+00
5.975897105935549547e+01,4.970632348801375429e+02,9.122319653078742263e+00,9.122319653078768908e+00
5.680171699267167185e+01,4.874881277878587298e+02,8.953495524997519439e+00,8.953495524997551414e+00
5.418083504256237859e+01,4.778231470745224669e+02,8.572105289008066009e+00,8.572105289008097984e+00
5.226797534370568599e+01,4.679999555407698608e+02,8.119164666124445873e+00,8.119164666124445873e+00
5.115373411980282015e+01,4.580471808501274609e+02,7.759490011013104649e+00,7.759490011013104649e+00
5.076053157045949860e+01,4.480417875398477463e+02,7.391227132469095906e+00,7.391227132469095906e+00
5.117633514995557675e+01,4.380336463538817497e+02,7.133031112870725110e+00,7.133031112870703794e+00
5.243438844508267493e+01,4.280981233924407547e+02,6.779544357877518301e+00,6.779544357877512084e+00
5.446702564019841475e+01,4.182885638306190117e+02,6.547067099863991047e+00,6.547067099863997264e+00
5.730843294001312671e+01,4.086818889113295654e+02,6.406946256098989601e+00,6.406946256099015358e+00
6.091058690037684187e+01,3.993321114064739277e+02,6.396454771556657093e+00,6.396454771556689067e+00
6.526021516747134399e+01,3.903057211051788045e+02,6.393666556650285493e+00,6.393666556650278388e+00
7.027331041984116666e+01,3.816312290804648910e+02,6.465933478133270462e+00,6.465933478133242041e+00
7.603013453200185268e+01,3.734326251521803215e+02,6.632147546908117697e+00,6.632147546908139013e+00
8.242730699408848238e+01,3.657245122285885373e+02,6.908205936497829214e+00,6.908205936497808786e+00
8.941964533282978778e+01,3.585527664052307273e+02,7.195147425478264580e+00,7.195147425478285008e+00
9.696938102813743399e+01,3.519711290083554331e+02,7.525175836175302280e+00,7.525175836175296951e+00
1.050328876453513800e+02,3.460343449604646366e+02,7.834175335250685990e+00,7.834175335250664673e+00
